<?xml version="1.0" encoding="UTF-8"?>
<project-private xmlns="http://www.netbeans.org/ns/project-private/1">
    <editor-bookmarks xmlns="http://www.netbeans.org/ns/editor-bookmarks/2" lastBookmarkId="0"/>
    <open-files xmlns="http://www.netbeans.org/ns/projectui-open-files/2">
        <group name="OxidizedPot"/>
        <group name="VOP exams">
            <file>file:/C:/Users/Andrea/Dropbox/miei/2016-1-spring/teachJavaByTurnBasedGame/book/chapter04code/OxidizedPot_v3/src/oxidizedpot/OxidizedPot.java</file>
        </group>
    </open-files>
</project-private>
